Title,Price,Availability,Rating,Link
A Light in the Attic,$66.27,In stock,★★★☆☆,http://books.toscrape.com/catalogue/a-light-in-the-attic_1000/index.html
Tipping the Velvet,$68.79,In stock,★☆☆☆☆,http://books.toscrape.com/catalogue/tipping-the-velvet_999/index.html
Soumission,$64.13,In stock,★☆☆☆☆,http://books.toscrape.com/catalogue/soumission_998/index.html
Sharp Objects,$61.21,In stock,★★★★☆,http://books.toscrape.com/catalogue/sharp-objects_997/index.html
Sapiens: A Brief History of Humankind,$69.41,In stock,★★★★★,http://books.toscrape.com/catalogue/sapiens-a-brief-history-of-humankind_996/index.html
The Requiem Red,$28.99,In stock,★☆☆☆☆,http://books.toscrape.com/catalogue/the-requiem-red_995/index.html
The Dirty Little Secrets of Getting Your Dream Job,$42.68,In stock,★★★★☆,http://books.toscrape.com/catalogue/the-dirty-little-secrets-of-getting-your-dream-job_994/index.html
"The Coming Woman: A Novel Based on the Life of the Infamous Feminist, Victoria Woodhull",$22.95,In stock,★★★☆☆,http://books.toscrape.com/catalogue/the-coming-woman-a-novel-based-on-the-life-of-the-infamous-feminist-victoria-woodhull_993/index.html
The Boys in the Boat: Nine Americans and Their Epic Quest for Gold at the 1936 Berlin Olympics,$28.93,In stock,★★★★☆,http://books.toscrape.com/catalogue/the-boys-in-the-boat-nine-americans-and-their-epic-quest-for-gold-at-the-1936-berlin-olympics_992/index.html
The Black Maria,$66.75,In stock,★☆☆☆☆,http://books.toscrape.com/catalogue/the-black-maria_991/index.html
"Starving Hearts (Triangular Trade Trilogy, #1)",$17.91,In stock,★★☆☆☆,http://books.toscrape.com/catalogue/starving-hearts-triangular-trade-trilogy-1_990/index.html
Shakespeare's Sonnets,$26.44,In stock,★★★★☆,http://books.toscrape.com/catalogue/shakespeares-sonnets_989/index.html
Set Me Free,$22.35,In stock,★★★★★,http://books.toscrape.com/catalogue/set-me-free_988/index.html
Scott Pilgrim's Precious Little Life (Scott Pilgrim #1),$66.93,In stock,★★★★★,http://books.toscrape.com/catalogue/scott-pilgrims-precious-little-life-scott-pilgrim-1_987/index.html
Rip it Up and Start Again,$44.83,In stock,★★★★★,http://books.toscrape.com/catalogue/rip-it-up-and-start-again_986/index.html
"Our Band Could Be Your Life: Scenes from the American Indie Underground, 1981-1991",$73.28,In stock,★★★☆☆,http://books.toscrape.com/catalogue/our-band-could-be-your-life-scenes-from-the-american-indie-underground-1981-1991_985/index.html
Olio,$30.57,In stock,★☆☆☆☆,http://books.toscrape.com/catalogue/olio_984/index.html
Mesaerion: The Best Science Fiction Stories 1800-1849,$48.12,In stock,★☆☆☆☆,http://books.toscrape.com/catalogue/mesaerion-the-best-science-fiction-stories-1800-1849_983/index.html
Libertarianism for Beginners,$65.70,In stock,★★☆☆☆,http://books.toscrape.com/catalogue/libertarianism-for-beginners_982/index.html
It's Only the Himalayas,$57.82,In stock,★★☆☆☆,http://books.toscrape.com/catalogue/its-only-the-himalayas_981/index.html
In Her Wake,$16.44,In stock,★☆☆☆☆,http://books.toscrape.com/catalogue/in-her-wake_980/index.html
How Music Works,$47.77,In stock,★★☆☆☆,http://books.toscrape.com/catalogue/how-music-works_979/index.html
"Foolproof Preserving: A Guide to Small Batch Jams, Jellies, Pickles, Condiments, and More: A Foolproof Guide to Making Small Batch Jams, Jellies, Pickles, Condiments, and More",$39.07,In stock,★★★☆☆,http://books.toscrape.com/catalogue/foolproof-preserving-a-guide-to-small-batch-jams-jellies-pickles-condiments-and-more-a-foolproof-guide-to-making-small-batch-jams-jellies-pickles-condiments-and-more_978/index.html
Chase Me (Paris Nights #2),$32.35,In stock,★★★★★,http://books.toscrape.com/catalogue/chase-me-paris-nights-2_977/index.html
Black Dust,$44.20,In stock,★★★★★,http://books.toscrape.com/catalogue/black-dust_976/index.html
Birdsong: A Story in Pictures,$69.94,In stock,★★★☆☆,http://books.toscrape.com/catalogue/birdsong-a-story-in-pictures_975/index.html
America's Cradle of Quarterbacks: Western Pennsylvania's Football Factory from Johnny Unitas to Joe Montana,$28.80,In stock,★★★☆☆,http://books.toscrape.com/catalogue/americas-cradle-of-quarterbacks-western-pennsylvanias-football-factory-from-johnny-unitas-to-joe-montana_974/index.html
Aladdin and His Wonderful Lamp,$68.01,In stock,★★★☆☆,http://books.toscrape.com/catalogue/aladdin-and-his-wonderful-lamp_973/index.html
Worlds Elsewhere: Journeys Around Shakespeareâs Globe,$51.58,In stock,★★★★★,http://books.toscrape.com/catalogue/worlds-elsewhere-journeys-around-shakespeares-globe_972/index.html
Wall and Piece,$56.55,In stock,★★★★☆,http://books.toscrape.com/catalogue/wall-and-piece_971/index.html
The Four Agreements: A Practical Guide to Personal Freedom,$22.60,In stock,★★★★★,http://books.toscrape.com/catalogue/the-four-agreements-a-practical-guide-to-personal-freedom_970/index.html
The Five Love Languages: How to Express Heartfelt Commitment to Your Mate,$39.74,In stock,★★★☆☆,http://books.toscrape.com/catalogue/the-five-love-languages-how-to-express-heartfelt-commitment-to-your-mate_969/index.html
The Elephant Tree,$30.49,In stock,★★★★★,http://books.toscrape.com/catalogue/the-elephant-tree_968/index.html
The Bear and the Piano,$47.22,In stock,★☆☆☆☆,http://books.toscrape.com/catalogue/the-bear-and-the-piano_967/index.html
Sophie's World,$20.40,In stock,★★★★★,http://books.toscrape.com/catalogue/sophies-world_966/index.html
Penny Maybe,$42.61,In stock,★★★☆☆,http://books.toscrape.com/catalogue/penny-maybe_965/index.html
Maude (1883-1993):She Grew Up with the country,$23.07,In stock,★★☆☆☆,http://books.toscrape.com/catalogue/maude-1883-1993she-grew-up-with-the-country_964/index.html
"In a Dark, Dark Wood",$25.13,In stock,★☆☆☆☆,http://books.toscrape.com/catalogue/in-a-dark-dark-wood_963/index.html
Behind Closed Doors,$66.84,In stock,★★★★☆,http://books.toscrape.com/catalogue/behind-closed-doors_962/index.html
You can't bury them all: Poems,$43.05,In stock,★★☆☆☆,http://books.toscrape.com/catalogue/you-cant-bury-them-all-poems_961/index.html
Slow States of Collapse: Poems,$73.36,In stock,★★★☆☆,http://books.toscrape.com/catalogue/slow-states-of-collapse-poems_960/index.html
Reasons to Stay Alive,$33.80,In stock,★★☆☆☆,http://books.toscrape.com/catalogue/reasons-to-stay-alive_959/index.html
Private Paris (Private #10),$60.94,In stock,★★★★★,http://books.toscrape.com/catalogue/private-paris-private-10_958/index.html
#HigherSelfie: Wake Up Your Life. Free Your Soul. Find Your Tribe.,$29.58,In stock,★★★★★,http://books.toscrape.com/catalogue/higherselfie-wake-up-your-life-free-your-soul-find-your-tribe_957/index.html
Without Borders (Wanderlove #1),$57.69,In stock,★★☆☆☆,http://books.toscrape.com/catalogue/without-borders-wanderlove-1_956/index.html
When We Collided,$40.67,In stock,★☆☆☆☆,http://books.toscrape.com/catalogue/when-we-collided_955/index.html
"We Love You, Charlie Freeman",$64.35,In stock,★★★★★,http://books.toscrape.com/catalogue/we-love-you-charlie-freeman_954/index.html
Untitled Collection: Sabbath Poems 2014,$18.27,In stock,★★★★☆,http://books.toscrape.com/catalogue/untitled-collection-sabbath-poems-2014_953/index.html
"Unseen City: The Majesty of Pigeons, the Discreet Charm of Snails & Other Wonders of the Urban Wilderness",$56.55,In stock,★★★★☆,http://books.toscrape.com/catalogue/unseen-city-the-majesty-of-pigeons-the-discreet-charm-of-snails-other-wonders-of-the-urban-wilderness_952/index.html
Unicorn Tracks,$24.04,In stock,★★★☆☆,http://books.toscrape.com/catalogue/unicorn-tracks_951/index.html
"Unbound: How Eight Technologies Made Us Human, Transformed Society, and Brought Our World to the Brink",$32.67,In stock,★☆☆☆☆,http://books.toscrape.com/catalogue/unbound-how-eight-technologies-made-us-human-transformed-society-and-brought-our-world-to-the-brink_950/index.html
Tsubasa: WoRLD CHRoNiCLE 2 (Tsubasa WoRLD CHRoNiCLE #2),$20.84,In stock,★☆☆☆☆,http://books.toscrape.com/catalogue/tsubasa-world-chronicle-2-tsubasa-world-chronicle-2_949/index.html
Throwing Rocks at the Google Bus: How Growth Became the Enemy of Prosperity,$39.83,In stock,★★★☆☆,http://books.toscrape.com/catalogue/throwing-rocks-at-the-google-bus-how-growth-became-the-enemy-of-prosperity_948/index.html
This One Summer,$24.95,In stock,★★★★☆,http://books.toscrape.com/catalogue/this-one-summer_947/index.html
Thirst,$22.11,In stock,★★★★★,http://books.toscrape.com/catalogue/thirst_946/index.html
The Torch Is Passed: A Harding Family Story,$24.44,In stock,★☆☆☆☆,http://books.toscrape.com/catalogue/the-torch-is-passed-a-harding-family-story_945/index.html
The Secret of Dreadwillow Carse,$71.85,In stock,★☆☆☆☆,http://books.toscrape.com/catalogue/the-secret-of-dreadwillow-carse_944/index.html
"The Pioneer Woman Cooks: Dinnertime: Comfort Classics, Freezer Food, 16-Minute Meals, and Other Delicious Ways to Solve Supper!",$72.20,In stock,★☆☆☆☆,http://books.toscrape.com/catalogue/the-pioneer-woman-cooks-dinnertime-comfort-classics-freezer-food-16-minute-meals-and-other-delicious-ways-to-solve-supper_943/index.html
The Past Never Ends,$72.32,In stock,★★★★☆,http://books.toscrape.com/catalogue/the-past-never-ends_942/index.html
The Natural History of Us (The Fine Art of Pretending #2),$57.88,In stock,★★★☆☆,http://books.toscrape.com/catalogue/the-natural-history-of-us-the-fine-art-of-pretending-2_941/index.html
The Nameless City (The Nameless City #1),$48.84,In stock,★★★★☆,http://books.toscrape.com/catalogue/the-nameless-city-the-nameless-city-1_940/index.html
The Murder That Never Was (Forensic Instincts #5),$69.26,In stock,★★★☆☆,http://books.toscrape.com/catalogue/the-murder-that-never-was-forensic-instincts-5_939/index.html
The Most Perfect Thing: Inside (and Outside) a Bird's Egg,$54.99,In stock,★★★★☆,http://books.toscrape.com/catalogue/the-most-perfect-thing-inside-and-outside-a-birds-egg_938/index.html
"The Mindfulness and Acceptance Workbook for Anxiety: A Guide to Breaking Free from Anxiety, Phobias, and Worry Using Acceptance and Commitment Therapy",$30.58,In stock,★★★★☆,http://books.toscrape.com/catalogue/the-mindfulness-and-acceptance-workbook-for-anxiety-a-guide-to-breaking-free-from-anxiety-phobias-and-worry-using-acceptance-and-commitment-therapy_937/index.html
The Life-Changing Magic of Tidying Up: The Japanese Art of Decluttering and Organizing,$21.47,In stock,★★★☆☆,http://books.toscrape.com/catalogue/the-life-changing-magic-of-tidying-up-the-japanese-art-of-decluttering-and-organizing_936/index.html
"The Inefficiency Assassin: Time Management Tactics for Working Smarter, Not Longer",$26.36,In stock,★★★★★,http://books.toscrape.com/catalogue/the-inefficiency-assassin-time-management-tactics-for-working-smarter-not-longer_935/index.html
The Gutsy Girl: Escapades for Your Life of Epic Adventure,$47.53,In stock,★☆☆☆☆,http://books.toscrape.com/catalogue/the-gutsy-girl-escapades-for-your-life-of-epic-adventure_934/index.html
The Electric Pencil: Drawings from Inside State Hospital No. 3,$71.76,In stock,★☆☆☆☆,http://books.toscrape.com/catalogue/the-electric-pencil-drawings-from-inside-state-hospital-no-3_933/index.html
The Death of Humanity: and the Case for Life,$74.38,In stock,★★★★☆,http://books.toscrape.com/catalogue/the-death-of-humanity-and-the-case-for-life_932/index.html
"The Bulletproof Diet: Lose up to a Pound a Day, Reclaim Energy and Focus, Upgrade Your Life",$62.78,In stock,★★★☆☆,http://books.toscrape.com/catalogue/the-bulletproof-diet-lose-up-to-a-pound-a-day-reclaim-energy-and-focus-upgrade-your-life_931/index.html
The Art Forger,$52.17,In stock,★★★☆☆,http://books.toscrape.com/catalogue/the-art-forger_930/index.html
The Age of Genius: The Seventeenth Century and the Birth of the Modern Mind,$25.25,In stock,★☆☆☆☆,http://books.toscrape.com/catalogue/the-age-of-genius-the-seventeenth-century-and-the-birth-of-the-modern-mind_929/index.html
The Activist's Tao Te Ching: Ancient Advice for a Modern Revolution,$41.27,In stock,★★★★★,http://books.toscrape.com/catalogue/the-activists-tao-te-ching-ancient-advice-for-a-modern-revolution_928/index.html
Spark Joy: An Illustrated Master Class on the Art of Organizing and Tidying Up,$53.54,In stock,★★★★☆,http://books.toscrape.com/catalogue/spark-joy-an-illustrated-master-class-on-the-art-of-organizing-and-tidying-up_927/index.html
Soul Reader,$50.66,In stock,★★☆☆☆,http://books.toscrape.com/catalogue/soul-reader_926/index.html
Security,$50.24,In stock,★★☆☆☆,http://books.toscrape.com/catalogue/security_925/index.html
"Saga, Volume 6 (Saga (Collected Editions) #6)",$32.03,In stock,★★★☆☆,http://books.toscrape.com/catalogue/saga-volume-6-saga-collected-editions-6_924/index.html
"Saga, Volume 5 (Saga (Collected Editions) #5)",$65.33,In stock,★★☆☆☆,http://books.toscrape.com/catalogue/saga-volume-5-saga-collected-editions-5_923/index.html
Reskilling America: Learning to Labor in the Twenty-First Century,$25.38,In stock,★★☆☆☆,http://books.toscrape.com/catalogue/reskilling-america-learning-to-labor-in-the-twenty-first-century_922/index.html
"Rat Queens, Vol. 3: Demons (Rat Queens (Collected Editions) #11-15)",$64.51,In stock,★★★☆☆,http://books.toscrape.com/catalogue/rat-queens-vol-3-demons-rat-queens-collected-editions-11-15_921/index.html
"Princess Jellyfish 2-in-1 Omnibus, Vol. 01 (Princess Jellyfish 2-in-1 Omnibus #1)",$17.42,In stock,★★★★★,http://books.toscrape.com/catalogue/princess-jellyfish-2-in-1-omnibus-vol-01-princess-jellyfish-2-in-1-omnibus-1_920/index.html
Princess Between Worlds (Wide-Awake Princess #5),$17.08,In stock,★★★★★,http://books.toscrape.com/catalogue/princess-between-worlds-wide-awake-princess-5_919/index.html
"Pop Gun War, Volume 1: Gift",$24.28,In stock,★☆☆☆☆,http://books.toscrape.com/catalogue/pop-gun-war-volume-1-gift_918/index.html
"Political Suicide: Missteps, Peccadilloes, Bad Calls, Backroom Hijinx, Sordid Pasts, Rotten Breaks, and Just Plain Dumb Mistakes in the Annals of American Politics",$46.44,In stock,★★☆☆☆,http://books.toscrape.com/catalogue/political-suicide-missteps-peccadilloes-bad-calls-backroom-hijinx-sordid-pasts-rotten-breaks-and-just-plain-dumb-mistakes-in-the-annals-of-american-politics_917/index.html
Patience,$13.00,In stock,★★★☆☆,http://books.toscrape.com/catalogue/patience_916/index.html
"Outcast, Vol. 1: A Darkness Surrounds Him (Outcast #1)",$19.76,In stock,★★★★☆,http://books.toscrape.com/catalogue/outcast-vol-1-a-darkness-surrounds-him-outcast-1_915/index.html
orange: The Complete Collection 1 (orange: The Complete Collection #1),$61.96,In stock,★☆☆☆☆,http://books.toscrape.com/catalogue/orange-the-complete-collection-1-orange-the-complete-collection-1_914/index.html
Online Marketing for Busy Authors: A Step-By-Step Guide,$59.33,In stock,★☆☆☆☆,http://books.toscrape.com/catalogue/online-marketing-for-busy-authors-a-step-by-step-guide_913/index.html
On a Midnight Clear,$18.01,In stock,★★★☆☆,http://books.toscrape.com/catalogue/on-a-midnight-clear_912/index.html
Obsidian (Lux #1),$19.02,In stock,★★☆☆☆,http://books.toscrape.com/catalogue/obsidian-lux-1_911/index.html
My Paris Kitchen: Recipes and Stories,$42.71,In stock,★★☆☆☆,http://books.toscrape.com/catalogue/my-paris-kitchen-recipes-and-stories_910/index.html
Masks and Shadows,$72.19,In stock,★★☆☆☆,http://books.toscrape.com/catalogue/masks-and-shadows_909/index.html
"Mama Tried: Traditional Italian Cooking for the Screwed, Crude, Vegan, and Tattooed",$17.95,In stock,★★★★☆,http://books.toscrape.com/catalogue/mama-tried-traditional-italian-cooking-for-the-screwed-crude-vegan-and-tattooed_908/index.html
"Lumberjanes, Vol. 2: Friendship to the Max (Lumberjanes #5-8)",$60.04,In stock,★★☆☆☆,http://books.toscrape.com/catalogue/lumberjanes-vol-2-friendship-to-the-max-lumberjanes-5-8_907/index.html
"Lumberjanes, Vol. 1: Beware the Kitten Holy (Lumberjanes #1-4)",$58.38,In stock,★★★☆☆,http://books.toscrape.com/catalogue/lumberjanes-vol-1-beware-the-kitten-holy-lumberjanes-1-4_906/index.html
Lumberjanes Vol. 3: A Terrible Plan (Lumberjanes #9-12),$25.50,In stock,★★☆☆☆,http://books.toscrape.com/catalogue/lumberjanes-vol-3-a-terrible-plan-lumberjanes-9-12_905/index.html
"Layered: Baking, Building, and Styling Spectacular Cakes",$51.34,In stock,★☆☆☆☆,http://books.toscrape.com/catalogue/layered-baking-building-and-styling-spectacular-cakes_904/index.html
Judo: Seven Steps to Black Belt (an Introductory Guide for Beginners),$68.99,In stock,★★☆☆☆,http://books.toscrape.com/catalogue/judo-seven-steps-to-black-belt-an-introductory-guide-for-beginners_903/index.html
Join,$45.66,In stock,★★★★★,http://books.toscrape.com/catalogue/join_902/index.html
In the Country We Love: My Family Divided,$28.16,In stock,★★★★☆,http://books.toscrape.com/catalogue/in-the-country-we-love-my-family-divided_901/index.html
Immunity: How Elie Metchnikoff Changed the Course of Modern Medicine,$73.42,In stock,★★★★★,http://books.toscrape.com/catalogue/immunity-how-elie-metchnikoff-changed-the-course-of-modern-medicine_900/index.html
"I Hate Fairyland, Vol. 1: Madly Ever After (I Hate Fairyland (Compilations) #1-5)",$37.34,In stock,★★☆☆☆,http://books.toscrape.com/catalogue/i-hate-fairyland-vol-1-madly-ever-after-i-hate-fairyland-compilations-1-5_899/index.html
I am a Hero Omnibus Volume 1,$69.93,In stock,★★★☆☆,http://books.toscrape.com/catalogue/i-am-a-hero-omnibus-volume-1_898/index.html
How to Be Miserable: 40 Strategies You Already Use,$58.92,In stock,★☆☆☆☆,http://books.toscrape.com/catalogue/how-to-be-miserable-40-strategies-you-already-use_897/index.html
Her Backup Boyfriend (The Sorensen Family #1),$43.48,In stock,★☆☆☆☆,http://books.toscrape.com/catalogue/her-backup-boyfriend-the-sorensen-family-1_896/index.html
"Giant Days, Vol. 2 (Giant Days #5-8)",$28.30,In stock,★★☆☆☆,http://books.toscrape.com/catalogue/giant-days-vol-2-giant-days-5-8_895/index.html
Forever and Forever: The Courtship of Henry Longfellow and Fanny Appleton,$38.00,In stock,★★★☆☆,http://books.toscrape.com/catalogue/forever-and-forever-the-courtship-of-henry-longfellow-and-fanny-appleton_894/index.html
First and First (Five Boroughs #3),$20.44,In stock,★★★★☆,http://books.toscrape.com/catalogue/first-and-first-five-boroughs-3_893/index.html
Fifty Shades Darker (Fifty Shades #2),$28.11,In stock,★☆☆☆☆,http://books.toscrape.com/catalogue/fifty-shades-darker-fifty-shades-2_892/index.html
Everydata: The Misinformation Hidden in the Little Data You Consume Every Day,$69.57,In stock,★★☆☆☆,http://books.toscrape.com/catalogue/everydata-the-misinformation-hidden-in-the-little-data-you-consume-every-day_891/index.html
"Don't Be a Jerk: And Other Practical Advice from Dogen, Japan's Greatest Zen Master",$48.60,In stock,★★☆☆☆,http://books.toscrape.com/catalogue/dont-be-a-jerk-and-other-practical-advice-from-dogen-japans-greatest-zen-master_890/index.html
Danganronpa Volume 1,$66.55,In stock,★★★★☆,http://books.toscrape.com/catalogue/danganronpa-volume-1_889/index.html
Crown of Midnight (Throne of Glass #2),$55.41,In stock,★★★☆☆,http://books.toscrape.com/catalogue/crown-of-midnight-throne-of-glass-2_888/index.html
"Codename Baboushka, Volume 1: The Conclave of Death",$47.00,In stock,★★★★☆,http://books.toscrape.com/catalogue/codename-baboushka-volume-1-the-conclave-of-death_887/index.html
Camp Midnight,$21.86,In stock,★★★★☆,http://books.toscrape.com/catalogue/camp-midnight_886/index.html
Call the Nurse: True Stories of a Country Nurse on a Scottish Isle,$37.30,In stock,★★★★★,http://books.toscrape.com/catalogue/call-the-nurse-true-stories-of-a-country-nurse-on-a-scottish-isle_885/index.html
Burning,$36.88,In stock,★★★☆☆,http://books.toscrape.com/catalogue/burning_884/index.html
Bossypants,$63.31,In stock,★★☆☆☆,http://books.toscrape.com/catalogue/bossypants_883/index.html
"Bitch Planet, Vol. 1: Extraordinary Machine (Bitch Planet (Collected Editions))",$48.54,In stock,★★☆☆☆,http://books.toscrape.com/catalogue/bitch-planet-vol-1-extraordinary-machine-bitch-planet-collected-editions_882/index.html
"Avatar: The Last Airbender: Smoke and Shadow, Part 3 (Smoke and Shadow #3)",$35.96,In stock,★★☆☆☆,http://books.toscrape.com/catalogue/avatar-the-last-airbender-smoke-and-shadow-part-3-smoke-and-shadow-3_881/index.html
Algorithms to Live By: The Computer Science of Human Decisions,$39.44,In stock,★☆☆☆☆,http://books.toscrape.com/catalogue/algorithms-to-live-by-the-computer-science-of-human-decisions_880/index.html
A World of Flavor: Your Gluten Free Passport,$54.98,In stock,★☆☆☆☆,http://books.toscrape.com/catalogue/a-world-of-flavor-your-gluten-free-passport_879/index.html
"A Piece of Sky, a Grain of Rice: A Memoir in Four Meditations",$72.65,In stock,★★★★★,http://books.toscrape.com/catalogue/a-piece-of-sky-a-grain-of-rice-a-memoir-in-four-meditations_878/index.html
A Murder in Time,$21.30,In stock,★☆☆☆☆,http://books.toscrape.com/catalogue/a-murder-in-time_877/index.html
A Flight of Arrows (The Pathfinders #2),$71.08,In stock,★★★★★,http://books.toscrape.com/catalogue/a-flight-of-arrows-the-pathfinders-2_876/index.html
A Fierce and Subtle Poison,$36.01,In stock,★★★★☆,http://books.toscrape.com/catalogue/a-fierce-and-subtle-poison_875/index.html
A Court of Thorns and Roses (A Court of Thorns and Roses #1),$67.03,In stock,★☆☆☆☆,http://books.toscrape.com/catalogue/a-court-of-thorns-and-roses-a-court-of-thorns-and-roses-1_874/index.html
(Un)Qualified: How God Uses Broken People to Do Big Things,$69.12,In stock,★★★★★,http://books.toscrape.com/catalogue/unqualified-how-god-uses-broken-people-to-do-big-things_873/index.html
You Are What You Love: The Spiritual Power of Habit,$27.99,In stock,★★★★☆,http://books.toscrape.com/catalogue/you-are-what-you-love-the-spiritual-power-of-habit_872/index.html
"William Shakespeare's Star Wars: Verily, A New Hope (William Shakespeare's Star Wars #4)",$55.42,In stock,★★★★☆,http://books.toscrape.com/catalogue/william-shakespeares-star-wars-verily-a-new-hope-william-shakespeares-star-wars-4_871/index.html
Tuesday Nights in 1980,$26.93,In stock,★★☆☆☆,http://books.toscrape.com/catalogue/tuesday-nights-in-1980_870/index.html
Tracing Numbers on a Train,$53.25,In stock,★★★☆☆,http://books.toscrape.com/catalogue/tracing-numbers-on-a-train_869/index.html
Throne of Glass (Throne of Glass #1),$44.89,In stock,★★★☆☆,http://books.toscrape.com/catalogue/throne-of-glass-throne-of-glass-1_868/index.html
Thomas Jefferson and the Tripoli Pirates: The Forgotten War That Changed American History,$76.34,In stock,★☆☆☆☆,http://books.toscrape.com/catalogue/thomas-jefferson-and-the-tripoli-pirates-the-forgotten-war-that-changed-american-history_867/index.html
Thirteen Reasons Why,$67.48,In stock,★☆☆☆☆,http://books.toscrape.com/catalogue/thirteen-reasons-why_866/index.html
The White Cat and the Monk: A Retelling of the Poem âPangur BÃ¡nâ,$74.34,In stock,★★★★☆,http://books.toscrape.com/catalogue/the-white-cat-and-the-monk-a-retelling-of-the-poem-pangur-ban_865/index.html
The Wedding Dress,$30.87,In stock,★☆☆☆☆,http://books.toscrape.com/catalogue/the-wedding-dress_864/index.html
The Vacationers,$53.95,In stock,★★★★☆,http://books.toscrape.com/catalogue/the-vacationers_863/index.html
The Third Wave: An Entrepreneurâs Vision of the Future,$16.14,In stock,★★★★★,http://books.toscrape.com/catalogue/the-third-wave-an-entrepreneurs-vision-of-the-future_862/index.html
The Stranger,$22.32,In stock,★★★★☆,http://books.toscrape.com/catalogue/the-stranger_861/index.html
The Shadow Hero (The Shadow Hero),$42.42,In stock,★☆☆☆☆,http://books.toscrape.com/catalogue/the-shadow-hero-the-shadow-hero_860/index.html
The Secret (The Secret #1),$35.03,In stock,★★★★☆,http://books.toscrape.com/catalogue/the-secret-the-secret-1_859/index.html
The Regional Office Is Under Attack!,$65.74,In stock,★★★★★,http://books.toscrape.com/catalogue/the-regional-office-is-under-attack_858/index.html
The Psychopath Test: A Journey Through the Madness Industry,$46.08,In stock,★★☆☆☆,http://books.toscrape.com/catalogue/the-psychopath-test-a-journey-through-the-madness-industry_857/index.html
The Project,$13.63,In stock,★☆☆☆☆,http://books.toscrape.com/catalogue/the-project_856/index.html
The Power of Now: A Guide to Spiritual Enlightenment,$55.73,In stock,★★☆☆☆,http://books.toscrape.com/catalogue/the-power-of-now-a-guide-to-spiritual-enlightenment_855/index.html
The Omnivore's Dilemma: A Natural History of Four Meals,$48.91,In stock,★★☆☆☆,http://books.toscrape.com/catalogue/the-omnivores-dilemma-a-natural-history-of-four-meals_854/index.html
The Nerdy Nummies Cookbook: Sweet Treats for the Geek in All of Us,$47.80,In stock,★★★★★,http://books.toscrape.com/catalogue/the-nerdy-nummies-cookbook-sweet-treats-for-the-geek-in-all-of-us_853/index.html
The Murder of Roger Ackroyd (Hercule Poirot #4),$56.45,In stock,★★★★☆,http://books.toscrape.com/catalogue/the-murder-of-roger-ackroyd-hercule-poirot-4_852/index.html
The Mistake (Off-Campus #2),$55.41,In stock,★★★☆☆,http://books.toscrape.com/catalogue/the-mistake-off-campus-2_851/index.html
The Matchmaker's Playbook (Wingmen Inc. #1),$71.49,In stock,★☆☆☆☆,http://books.toscrape.com/catalogue/the-matchmakers-playbook-wingmen-inc-1_850/index.html
The Love and Lemons Cookbook: An Apple-to-Zucchini Celebration of Impromptu Cooking,$48.13,In stock,★★☆☆☆,http://books.toscrape.com/catalogue/the-love-and-lemons-cookbook-an-apple-to-zucchini-celebration-of-impromptu-cooking_849/index.html
The Long Shadow of Small Ghosts: Murder and Memory in an American City,$14.04,In stock,★☆☆☆☆,http://books.toscrape.com/catalogue/the-long-shadow-of-small-ghosts-murder-and-memory-in-an-american-city_848/index.html
The Kite Runner,$53.53,In stock,★★★★☆,http://books.toscrape.com/catalogue/the-kite-runner_847/index.html
The House by the Lake,$47.30,In stock,★☆☆☆☆,http://books.toscrape.com/catalogue/the-house-by-the-lake_846/index.html
The Glittering Court (The Glittering Court #1),$56.68,In stock,★☆☆☆☆,http://books.toscrape.com/catalogue/the-glittering-court-the-glittering-court-1_845/index.html
The Girl on the Train,$70.43,In stock,★★☆☆☆,http://books.toscrape.com/catalogue/the-girl-on-the-train_844/index.html
The Genius of Birds,$22.07,In stock,★☆☆☆☆,http://books.toscrape.com/catalogue/the-genius-of-birds_843/index.html
The Emerald Mystery,$29.63,In stock,★★☆☆☆,http://books.toscrape.com/catalogue/the-emerald-mystery_842/index.html
The Cookies & Cups Cookbook: 125+ sweet & savory recipes reminding you to Always Eat Dessert First,$52.80,In stock,★☆☆☆☆,http://books.toscrape.com/catalogue/the-cookies-cups-cookbook-125-sweet-savory-recipes-reminding-you-to-always-eat-dessert-first_841/index.html
The Bridge to Consciousness: I'm Writing the Bridge Between Science and Our Old and New Beliefs.,$40.96,In stock,★★★☆☆,http://books.toscrape.com/catalogue/the-bridge-to-consciousness-im-writing-the-bridge-between-science-and-our-old-and-new-beliefs_840/index.html
The Artist's Way: A Spiritual Path to Higher Creativity,$49.27,In stock,★★★★★,http://books.toscrape.com/catalogue/the-artists-way-a-spiritual-path-to-higher-creativity_839/index.html
The Art of War,$42.68,In stock,★★★★★,http://books.toscrape.com/catalogue/the-art-of-war_838/index.html
The Argonauts,$13.99,In stock,★★☆☆☆,http://books.toscrape.com/catalogue/the-argonauts_837/index.html
The 10% Entrepreneur: Live Your Startup Dream Without Quitting Your Day Job,$35.26,In stock,★★★☆☆,http://books.toscrape.com/catalogue/the-10-entrepreneur-live-your-startup-dream-without-quitting-your-day-job_836/index.html
Suddenly in Love (Lake Haven #1),$71.67,In stock,★★☆☆☆,http://books.toscrape.com/catalogue/suddenly-in-love-lake-haven-1_835/index.html
Something More Than This,$20.79,In stock,★★★★☆,http://books.toscrape.com/catalogue/something-more-than-this_834/index.html
Soft Apocalypse,$33.43,In stock,★★☆☆☆,http://books.toscrape.com/catalogue/soft-apocalypse_833/index.html
So You've Been Publicly Shamed,$15.65,In stock,★★☆☆☆,http://books.toscrape.com/catalogue/so-youve-been-publicly-shamed_832/index.html
Shoe Dog: A Memoir by the Creator of NIKE,$30.71,In stock,★★☆☆☆,http://books.toscrape.com/catalogue/shoe-dog-a-memoir-by-the-creator-of-nike_831/index.html
"Shobu Samurai, Project Aryoku (#3)",$37.20,In stock,★★★☆☆,http://books.toscrape.com/catalogue/shobu-samurai-project-aryoku-3_830/index.html
Secrets and Lace (Fatal Hearts #1),$25.95,In stock,★☆☆☆☆,http://books.toscrape.com/catalogue/secrets-and-lace-fatal-hearts-1_829/index.html
Scarlett Epstein Hates It Here,$55.74,In stock,★★★★★,http://books.toscrape.com/catalogue/scarlett-epstein-hates-it-here_828/index.html
Romero and Juliet: A Tragic Tale of Love and Zombies,$47.28,In stock,★☆☆☆☆,http://books.toscrape.com/catalogue/romero-and-juliet-a-tragic-tale-of-love-and-zombies_827/index.html
Redeeming Love,$26.20,In stock,★★★★★,http://books.toscrape.com/catalogue/redeeming-love_826/index.html
Poses for Artists Volume 1 - Dynamic and Sitting Poses: An Essential Reference for Figure Drawing and the Human Form,$52.56,In stock,★☆☆☆☆,http://books.toscrape.com/catalogue/poses-for-artists-volume-1-dynamic-and-sitting-poses-an-essential-reference-for-figure-drawing-and-the-human-form_825/index.html
Poems That Make Grown Women Cry,$18.16,In stock,★★★★☆,http://books.toscrape.com/catalogue/poems-that-make-grown-women-cry_824/index.html
"Nightingale, Sing",$49.00,In stock,★☆☆☆☆,http://books.toscrape.com/catalogue/nightingale-sing_823/index.html
Night Sky with Exit Wounds,$52.54,In stock,★☆☆☆☆,http://books.toscrape.com/catalogue/night-sky-with-exit-wounds_822/index.html
Mrs. Houdini,$38.72,In stock,★★★★★,http://books.toscrape.com/catalogue/mrs-houdini_821/index.html
Modern Romance,$36.17,In stock,★★★★★,http://books.toscrape.com/catalogue/modern-romance_820/index.html
Miss Peregrineâs Home for Peculiar Children (Miss Peregrineâs Peculiar Children #1),$13.77,In stock,★☆☆☆☆,http://books.toscrape.com/catalogue/miss-peregrines-home-for-peculiar-children-miss-peregrines-peculiar-children-1_819/index.html
Louisa: The Extraordinary Life of Mrs. Adams,$21.57,In stock,★★☆☆☆,http://books.toscrape.com/catalogue/louisa-the-extraordinary-life-of-mrs-adams_818/index.html
Little Red,$17.24,In stock,★★★☆☆,http://books.toscrape.com/catalogue/little-red_817/index.html
Library of Souls (Miss Peregrineâs Peculiar Children #3),$62.16,In stock,★★★★★,http://books.toscrape.com/catalogue/library-of-souls-miss-peregrines-peculiar-children-3_816/index.html
Large Print Heart of the Pride,$24.51,In stock,★★☆☆☆,http://books.toscrape.com/catalogue/large-print-heart-of-the-pride_815/index.html
I Had a Nice Time And Other Lies...: How to find love & sh*t like that,$73.42,In stock,★★★★☆,http://books.toscrape.com/catalogue/i-had-a-nice-time-and-other-lies-how-to-find-love-sht-like-that_814/index.html
Hollow City (Miss Peregrineâs Peculiar Children #2),$55.01,In stock,★☆☆☆☆,http://books.toscrape.com/catalogue/hollow-city-miss-peregrines-peculiar-children-2_813/index.html
Grumbles,$28.36,In stock,★★☆☆☆,http://books.toscrape.com/catalogue/grumbles_812/index.html
Full Moon over Noahâs Ark: An Odyssey to Mount Ararat and Beyond,$63.27,In stock,★★★★☆,http://books.toscrape.com/catalogue/full-moon-over-noahs-ark-an-odyssey-to-mount-ararat-and-beyond_811/index.html
Frostbite (Vampire Academy #2),$38.39,In stock,★★★★★,http://books.toscrape.com/catalogue/frostbite-vampire-academy-2_810/index.html
Follow You Home,$27.34,In stock,★☆☆☆☆,http://books.toscrape.com/catalogue/follow-you-home_809/index.html
First Steps for New Christians (Print Edition),$37.12,In stock,★☆☆☆☆,http://books.toscrape.com/catalogue/first-steps-for-new-christians-print-edition_808/index.html
Finders Keepers (Bill Hodges Trilogy #2),$68.52,In stock,★★★★★,http://books.toscrape.com/catalogue/finders-keepers-bill-hodges-trilogy-2_807/index.html
"Fables, Vol. 1: Legends in Exile (Fables #1)",$53.27,In stock,★★★★☆,http://books.toscrape.com/catalogue/fables-vol-1-legends-in-exile-fables-1_806/index.html
Eureka Trivia 6.0,$69.88,In stock,★★★★☆,http://books.toscrape.com/catalogue/eureka-trivia-60_805/index.html
Drive: The Surprising Truth About What Motivates Us,$44.74,In stock,★★★★☆,http://books.toscrape.com/catalogue/drive-the-surprising-truth-about-what-motivates-us_804/index.html
Done Rubbed Out (Reightman & Bailey #1),$48.28,In stock,★★★★★,http://books.toscrape.com/catalogue/done-rubbed-out-reightman-bailey-1_803/index.html
Doing It Over (Most Likely To #1),$45.58,In stock,★★★☆☆,http://books.toscrape.com/catalogue/doing-it-over-most-likely-to-1_802/index.html
"Deliciously Ella Every Day: Quick and Easy Recipes for Gluten-Free Snacks, Packed Lunches, and Simple Meals",$53.96,In stock,★★★☆☆,http://books.toscrape.com/catalogue/deliciously-ella-every-day-quick-and-easy-recipes-for-gluten-free-snacks-packed-lunches-and-simple-meals_801/index.html
Dark Notes,$24.56,In stock,★★★★★,http://books.toscrape.com/catalogue/dark-notes_800/index.html
"Daring Greatly: How the Courage to Be Vulnerable Transforms the Way We Live, Love, Parent, and Lead",$24.87,In stock,★★★☆☆,http://books.toscrape.com/catalogue/daring-greatly-how-the-courage-to-be-vulnerable-transforms-the-way-we-live-love-parent-and-lead_799/index.html
Close to You,$63.31,In stock,★★★★☆,http://books.toscrape.com/catalogue/close-to-you_798/index.html
Chasing Heaven: What Dying Taught Me About Living,$48.38,In stock,★★☆☆☆,http://books.toscrape.com/catalogue/chasing-heaven-what-dying-taught-me-about-living_797/index.html
Big Magic: Creative Living Beyond Fear,$39.42,In stock,★★★☆☆,http://books.toscrape.com/catalogue/big-magic-creative-living-beyond-fear_796/index.html
Becoming Wise: An Inquiry into the Mystery and Art of Living,$35.11,In stock,★★☆☆☆,http://books.toscrape.com/catalogue/becoming-wise-an-inquiry-into-the-mystery-and-art-of-living_795/index.html
Beauty Restored (Riley Family Legacy Novellas #3),$14.22,In stock,★★☆☆☆,http://books.toscrape.com/catalogue/beauty-restored-riley-family-legacy-novellas-3_794/index.html
Batman: The Long Halloween (Batman),$46.72,In stock,★★☆☆☆,http://books.toscrape.com/catalogue/batman-the-long-halloween-batman_793/index.html
Batman: The Dark Knight Returns (Batman),$19.69,In stock,★★★★★,http://books.toscrape.com/catalogue/batman-the-dark-knight-returns-batman_792/index.html
Ayumi's Violin,$19.81,In stock,★★☆☆☆,http://books.toscrape.com/catalogue/ayumis-violin_791/index.html
Anonymous,$59.93,In stock,★★★★☆,http://books.toscrape.com/catalogue/anonymous_790/index.html
Amy Meets the Saints and Sages,$23.63,In stock,★★★☆☆,http://books.toscrape.com/catalogue/amy-meets-the-saints-and-sages_789/index.html
Amid the Chaos,$46.82,In stock,★☆☆☆☆,http://books.toscrape.com/catalogue/amid-the-chaos_788/index.html
Amatus,$64.69,In stock,★★★★★,http://books.toscrape.com/catalogue/amatus_787/index.html
Agnostic: A Spirited Manifesto,$16.01,In stock,★★★★★,http://books.toscrape.com/catalogue/agnostic-a-spirited-manifesto_786/index.html
Zealot: The Life and Times of Jesus of Nazareth,$31.62,In stock,★★★☆☆,http://books.toscrape.com/catalogue/zealot-the-life-and-times-of-jesus-of-nazareth_785/index.html
You (You #1),$55.82,In stock,★★★★★,http://books.toscrape.com/catalogue/you-you-1_784/index.html
"Wonder Woman: Earth One, Volume One (Wonder Woman: Earth One #1)",$47.80,In stock,★★★★☆,http://books.toscrape.com/catalogue/wonder-woman-earth-one-volume-one-wonder-woman-earth-one-1_783/index.html
Wild Swans,$18.38,In stock,★★☆☆☆,http://books.toscrape.com/catalogue/wild-swans_782/index.html
Why the Right Went Wrong: Conservatism--From Goldwater to the Tea Party and Beyond,$67.39,In stock,★★★★☆,http://books.toscrape.com/catalogue/why-the-right-went-wrong-conservatism-from-goldwater-to-the-tea-party-and-beyond_781/index.html
Whole Lotta Creativity Going On: 60 Fun and Unusual Exercises to Awaken and Strengthen Your Creativity,$48.90,In stock,★★★★☆,http://books.toscrape.com/catalogue/whole-lotta-creativity-going-on-60-fun-and-unusual-exercises-to-awaken-and-strengthen-your-creativity_780/index.html
What's It Like in Space?: Stories from Astronauts Who've Been There,$25.09,In stock,★★☆☆☆,http://books.toscrape.com/catalogue/whats-it-like-in-space-stories-from-astronauts-whove-been-there_779/index.html
"We Are Robin, Vol. 1: The Vigilante Business (We Are Robin #1)",$68.99,In stock,★☆☆☆☆,http://books.toscrape.com/catalogue/we-are-robin-vol-1-the-vigilante-business-we-are-robin-1_778/index.html
Walt Disney's Alice in Wonderland,$16.59,In stock,★★★★★,http://books.toscrape.com/catalogue/walt-disneys-alice-in-wonderland_777/index.html
V for Vendetta (V for Vendetta Complete),$47.49,In stock,★★★★☆,http://books.toscrape.com/catalogue/v-for-vendetta-v-for-vendetta-complete_776/index.html
Until Friday Night (The Field Party #1),$59.28,In stock,★★☆☆☆,http://books.toscrape.com/catalogue/until-friday-night-the-field-party-1_775/index.html
"Unbroken: A World War II Story of Survival, Resilience, and Redemption",$58.82,In stock,★★☆☆☆,http://books.toscrape.com/catalogue/unbroken-a-world-war-ii-story-of-survival-resilience-and-redemption_774/index.html
Twenty Yawns,$28.26,In stock,★★☆☆☆,http://books.toscrape.com/catalogue/twenty-yawns_773/index.html
Through the Woods,$32.49,In stock,★★☆☆☆,http://books.toscrape.com/catalogue/through-the-woods_772/index.html
This Is Where It Ends,$34.71,In stock,★★☆☆☆,http://books.toscrape.com/catalogue/this-is-where-it-ends_771/index.html
The Year of Magical Thinking,$55.09,In stock,★★☆☆☆,http://books.toscrape.com/catalogue/the-year-of-magical-thinking_770/index.html
The Wright Brothers,$72.70,In stock,★★★★☆,http://books.toscrape.com/catalogue/the-wright-brothers_769/index.html
The White Queen (The Cousins' War #1),$33.16,In stock,★★★★★,http://books.toscrape.com/catalogue/the-white-queen-the-cousins-war-1_768/index.html
The Wedding Pact (The O'Malleys #2),$41.74,In stock,★★★☆☆,http://books.toscrape.com/catalogue/the-wedding-pact-the-omalleys-2_767/index.html
The Time Keeper,$35.69,In stock,★★★★★,http://books.toscrape.com/catalogue/the-time-keeper_766/index.html
The Testament of Mary,$67.42,In stock,★★★★☆,http://books.toscrape.com/catalogue/the-testament-of-mary_765/index.html
The Star-Touched Queen,$58.91,In stock,★★★★★,http://books.toscrape.com/catalogue/the-star-touched-queen_764/index.html
The Songs of the Gods,$56.93,In stock,★★★★★,http://books.toscrape.com/catalogue/the-songs-of-the-gods_763/index.html
The Song of Achilles,$47.87,In stock,★★★★★,http://books.toscrape.com/catalogue/the-song-of-achilles_762/index.html
The Rosie Project (Don Tillman #1),$69.17,In stock,★☆☆☆☆,http://books.toscrape.com/catalogue/the-rosie-project-don-tillman-1_761/index.html
The Power of Habit: Why We Do What We Do in Life and Business,$21.61,In stock,★★★☆☆,http://books.toscrape.com/catalogue/the-power-of-habit-why-we-do-what-we-do-in-life-and-business_760/index.html
The Marriage of Opposites,$35.94,In stock,★★★★☆,http://books.toscrape.com/catalogue/the-marriage-of-opposites_759/index.html
The Lucifer Effect: Understanding How Good People Turn Evil,$13.31,In stock,★☆☆☆☆,http://books.toscrape.com/catalogue/the-lucifer-effect-understanding-how-good-people-turn-evil_758/index.html
The Long Haul (Diary of a Wimpy Kid #9),$56.41,In stock,★☆☆☆☆,http://books.toscrape.com/catalogue/the-long-haul-diary-of-a-wimpy-kid-9_757/index.html
The Loney,$29.95,In stock,★☆☆☆☆,http://books.toscrape.com/catalogue/the-loney_756/index.html
The Literature Book (Big Ideas Simply Explained),$22.31,In stock,★★★☆☆,http://books.toscrape.com/catalogue/the-literature-book-big-ideas-simply-explained_755/index.html
The Last Mile (Amos Decker #2),$69.39,In stock,★★☆☆☆,http://books.toscrape.com/catalogue/the-last-mile-amos-decker-2_754/index.html
The Immortal Life of Henrietta Lacks,$52.06,In stock,★★☆☆☆,http://books.toscrape.com/catalogue/the-immortal-life-of-henrietta-lacks_753/index.html
The Hidden Oracle (The Trials of Apollo #1),$66.89,In stock,★★☆☆☆,http://books.toscrape.com/catalogue/the-hidden-oracle-the-trials-of-apollo-1_752/index.html
The Help Yourself Cookbook for Kids: 60 Easy Plant-Based Recipes Kids Can Make to Stay Healthy and Save the Earth,$36.83,In stock,★★★☆☆,http://books.toscrape.com/catalogue/the-help-yourself-cookbook-for-kids-60-easy-plant-based-recipes-kids-can-make-to-stay-healthy-and-save-the-earth_751/index.html
The Guilty (Will Robie #4),$17.69,In stock,★★☆☆☆,http://books.toscrape.com/catalogue/the-guilty-will-robie-4_750/index.html
The First Hostage (J.B. Collins #2),$33.09,In stock,★★★☆☆,http://books.toscrape.com/catalogue/the-first-hostage-jb-collins-2_749/index.html
The Dovekeepers,$62.44,In stock,★☆☆☆☆,http://books.toscrape.com/catalogue/the-dovekeepers_748/index.html
The Darkest Lie,$45.25,In stock,★★★★★,http://books.toscrape.com/catalogue/the-darkest-lie_747/index.html
The Bane Chronicles (The Bane Chronicles #1-11),$57.25,In stock,★★★★☆,http://books.toscrape.com/catalogue/the-bane-chronicles-the-bane-chronicles-1-11_746/index.html
The Bad-Ass Librarians of Timbuktu: And Their Race to Save the Worldâs Most Precious Manuscripts,$20.19,In stock,★☆☆☆☆,http://books.toscrape.com/catalogue/the-bad-ass-librarians-of-timbuktu-and-their-race-to-save-the-worlds-most-precious-manuscripts_745/index.html
The 14th Colony (Cotton Malone #11),$50.23,In stock,★☆☆☆☆,http://books.toscrape.com/catalogue/the-14th-colony-cotton-malone-11_744/index.html
That Darkness (Gardiner and Renner #1),$17.82,In stock,★☆☆☆☆,http://books.toscrape.com/catalogue/that-darkness-gardiner-and-renner-1_743/index.html
Tastes Like Fear (DI Marnie Rome #3),$13.68,In stock,★☆☆☆☆,http://books.toscrape.com/catalogue/tastes-like-fear-di-marnie-rome-3_742/index.html
Take Me with You,$57.87,In stock,★★★☆☆,http://books.toscrape.com/catalogue/take-me-with-you_741/index.html
Swell: A Year of Waves,$58.34,In stock,★☆☆☆☆,http://books.toscrape.com/catalogue/swell-a-year-of-waves_740/index.html
Superman Vol. 1: Before Truth (Superman by Gene Luen Yang #1),$15.22,In stock,★★★★★,http://books.toscrape.com/catalogue/superman-vol-1-before-truth-superman-by-gene-luen-yang-1_739/index.html
Still Life with Bread Crumbs,$33.80,In stock,★★★☆☆,http://books.toscrape.com/catalogue/still-life-with-bread-crumbs_738/index.html
Steve Jobs,$50.56,In stock,★★★★★,http://books.toscrape.com/catalogue/steve-jobs_737/index.html
Sorting the Beef from the Bull: The Science of Food Fraud Forensics,$57.27,In stock,★★★★☆,http://books.toscrape.com/catalogue/sorting-the-beef-from-the-bull-the-science-of-food-fraud-forensics_736/index.html
Someone Like You (The Harrisons #2),$67.57,In stock,★★★★★,http://books.toscrape.com/catalogue/someone-like-you-the-harrisons-2_735/index.html
"So Cute It Hurts!!, Vol. 6 (So Cute It Hurts!! #6)",$45.35,In stock,★★★★☆,http://books.toscrape.com/catalogue/so-cute-it-hurts-vol-6-so-cute-it-hurts-6_734/index.html
Shtum,$71.48,In stock,★★★★☆,http://books.toscrape.com/catalogue/shtum_733/index.html
See America: A Celebration of Our National Parks & Treasured Sites,$62.55,In stock,★★★☆☆,http://books.toscrape.com/catalogue/see-america-a-celebration-of-our-national-parks-treasured-sites_732/index.html
salt.,$59.88,In stock,★★★★☆,http://books.toscrape.com/catalogue/salt_731/index.html
Robin War,$61.21,In stock,★★★☆☆,http://books.toscrape.com/catalogue/robin-war_730/index.html
"Red Hood/Arsenal, Vol. 1: Open for Business (Red Hood/Arsenal #1)",$32.61,In stock,★★☆☆☆,http://books.toscrape.com/catalogue/red-hoodarsenal-vol-1-open-for-business-red-hoodarsenal-1_729/index.html
Rain Fish,$30.17,In stock,★★★☆☆,http://books.toscrape.com/catalogue/rain-fish_728/index.html
"Quarter Life Poetry: Poems for the Young, Broke and Hangry",$65.14,In stock,★★★★★,http://books.toscrape.com/catalogue/quarter-life-poetry-poems-for-the-young-broke-and-hangry_727/index.html
Pet Sematary,$13.52,In stock,★★★☆☆,http://books.toscrape.com/catalogue/pet-sematary_726/index.html
"Overload: How to Unplug, Unwind, and Unleash Yourself from the Pressure of Stress",$66.75,In stock,★★★☆☆,http://books.toscrape.com/catalogue/overload-how-to-unplug-unwind-and-unleash-yourself-from-the-pressure-of-stress_725/index.html
Once Was a Time,$23.40,In stock,★★☆☆☆,http://books.toscrape.com/catalogue/once-was-a-time_724/index.html
Old School (Diary of a Wimpy Kid #10),$15.14,In stock,★★★★★,http://books.toscrape.com/catalogue/old-school-diary-of-a-wimpy-kid-10_723/index.html
No Dream Is Too High: Life Lessons From a Man Who Walked on the Moon,$28.10,In stock,★★☆☆☆,http://books.toscrape.com/catalogue/no-dream-is-too-high-life-lessons-from-a-man-who-walked-on-the-moon_722/index.html
"Naruto (3-in-1 Edition), Vol. 14: Includes Vols. 40, 41 & 42 (Naruto: Omnibus #14)",$49.14,In stock,★★☆☆☆,http://books.toscrape.com/catalogue/naruto-3-in-1-edition-vol-14-includes-vols-40-41-42-naruto-omnibus-14_721/index.html
My Name Is Lucy Barton,$53.20,In stock,★☆☆☆☆,http://books.toscrape.com/catalogue/my-name-is-lucy-barton_720/index.html
My Mrs. Brown,$31.33,In stock,★★★☆☆,http://books.toscrape.com/catalogue/my-mrs-brown_719/index.html
My Kind of Crazy,$51.66,In stock,★☆☆☆☆,http://books.toscrape.com/catalogue/my-kind-of-crazy_718/index.html
Mr. Mercedes (Bill Hodges Trilogy #1),$36.99,In stock,★☆☆☆☆,http://books.toscrape.com/catalogue/mr-mercedes-bill-hodges-trilogy-1_717/index.html
More Than Music (Chasing the Dream #1),$48.14,In stock,★★☆☆☆,http://books.toscrape.com/catalogue/more-than-music-chasing-the-dream-1_716/index.html
Made to Stick: Why Some Ideas Survive and Others Die,$49.73,In stock,★★★★★,http://books.toscrape.com/catalogue/made-to-stick-why-some-ideas-survive-and-others-die_715/index.html
Luis Paints the World,$69.06,In stock,★★★☆☆,http://books.toscrape.com/catalogue/luis-paints-the-world_714/index.html
Luckiest Girl Alive,$63.78,In stock,★★★☆☆,http://books.toscrape.com/catalogue/luckiest-girl-alive_713/index.html
Lowriders to the Center of the Earth (Lowriders in Space #2),$65.93,In stock,★★☆☆☆,http://books.toscrape.com/catalogue/lowriders-to-the-center-of-the-earth-lowriders-in-space-2_712/index.html
Love Is a Mix Tape (Music #1),$23.08,In stock,★☆☆☆☆,http://books.toscrape.com/catalogue/love-is-a-mix-tape-music-1_711/index.html
Looking for Lovely: Collecting the Moments that Matter,$37.30,In stock,★★★★★,http://books.toscrape.com/catalogue/looking-for-lovely-collecting-the-moments-that-matter_710/index.html
"Living Leadership by Insight: A Good Leader Achieves, a Great Leader Builds Monuments",$60.04,In stock,★★★★☆,http://books.toscrape.com/catalogue/living-leadership-by-insight-a-good-leader-achieves-a-great-leader-builds-monuments_709/index.html
Let It Out: A Journey Through Journaling,$34.29,In stock,★★★★★,http://books.toscrape.com/catalogue/let-it-out-a-journey-through-journaling_708/index.html
Lady Midnight (The Dark Artifices #1),$20.84,In stock,★★★★★,http://books.toscrape.com/catalogue/lady-midnight-the-dark-artifices-1_707/index.html
"It's All Easy: Healthy, Delicious Weeknight Meals in under 30 Minutes",$25.02,In stock,★☆☆☆☆,http://books.toscrape.com/catalogue/its-all-easy-healthy-delicious-weeknight-meals-in-under-30-minutes_706/index.html
Island of Dragons (Unwanteds #7),$37.95,In stock,★☆☆☆☆,http://books.toscrape.com/catalogue/island-of-dragons-unwanteds-7_705/index.html
I Know What I'm Doing -- and Other Lies I Tell Myself: Dispatches from a Life Under Construction,$33.25,In stock,★★★★☆,http://books.toscrape.com/catalogue/i-know-what-im-doing-and-other-lies-i-tell-myself-dispatches-from-a-life-under-construction_704/index.html
I Am Pilgrim (Pilgrim #1),$13.57,In stock,★★★★☆,http://books.toscrape.com/catalogue/i-am-pilgrim-pilgrim-1_703/index.html
"Hyperbole and a Half: Unfortunate Situations, Flawed Coping Mechanisms, Mayhem, and Other Things That Happened",$18.88,In stock,★★★★★,http://books.toscrape.com/catalogue/hyperbole-and-a-half-unfortunate-situations-flawed-coping-mechanisms-mayhem-and-other-things-that-happened_702/index.html
"Hush, Hush (Hush, Hush #1)",$60.19,In stock,★★★☆☆,http://books.toscrape.com/catalogue/hush-hush-hush-hush-1_701/index.html
Hold Your Breath (Search and Rescue #1),$36.89,In stock,★☆☆☆☆,http://books.toscrape.com/catalogue/hold-your-breath-search-and-rescue-1_700/index.html
Hamilton: The Revolution,$75.25,In stock,★★★☆☆,http://books.toscrape.com/catalogue/hamilton-the-revolution_699/index.html
Greek Mythic History,$13.09,In stock,★★★★★,http://books.toscrape.com/catalogue/greek-mythic-history_698/index.html
God: The Most Unpleasant Character in All Fiction,$38.44,In stock,★★★★★,http://books.toscrape.com/catalogue/god-the-most-unpleasant-character-in-all-fiction_697/index.html
Glory over Everything: Beyond The Kitchen House,$58.68,In stock,★★★☆☆,http://books.toscrape.com/catalogue/glory-over-everything-beyond-the-kitchen-house_696/index.html
Feathers: Displays of Brilliant Plumage,$62.78,In stock,★★★☆☆,http://books.toscrape.com/catalogue/feathers-displays-of-brilliant-plumage_695/index.html
"Far & Away: Places on the Brink of Change: Seven Continents, Twenty-Five Years",$19.28,In stock,★★★★☆,http://books.toscrape.com/catalogue/far-away-places-on-the-brink-of-change-seven-continents-twenty-five-years_694/index.html
Every Last Word,$59.48,In stock,★★★☆☆,http://books.toscrape.com/catalogue/every-last-word_693/index.html
Eligible (The Austen Project #4),$34.68,In stock,★★★☆☆,http://books.toscrape.com/catalogue/eligible-the-austen-project-4_692/index.html
El Deafo,$73.75,In stock,★★★★★,http://books.toscrape.com/catalogue/el-deafo_691/index.html
Eight Hundred Grapes,$18.42,In stock,★★★★☆,http://books.toscrape.com/catalogue/eight-hundred-grapes_690/index.html
"Eaternity: More than 150 Deliciously Easy Vegan Recipes for a Long, Healthy, Satisfied, Joyful Life",$66.24,In stock,★★★★★,http://books.toscrape.com/catalogue/eaternity-more-than-150-deliciously-easy-vegan-recipes-for-a-long-healthy-satisfied-joyful-life_689/index.html
"Eat Fat, Get Thin",$69.21,In stock,★★☆☆☆,http://books.toscrape.com/catalogue/eat-fat-get-thin_688/index.html
Don't Get Caught,$70.85,In stock,★☆☆☆☆,http://books.toscrape.com/catalogue/dont-get-caught_687/index.html
Doctor Sleep (The Shining #2),$51.35,In stock,★★☆☆☆,http://books.toscrape.com/catalogue/doctor-sleep-the-shining-2_686/index.html
Demigods & Magicians: Percy and Annabeth Meet the Kanes (Percy Jackson & Kane Chronicles Crossover #1-3),$48.01,In stock,★★★★★,http://books.toscrape.com/catalogue/demigods-magicians-percy-and-annabeth-meet-the-kanes-percy-jackson-kane-chronicles-crossover-1-3_685/index.html
Dear Mr. Knightley,$14.35,In stock,★★★★★,http://books.toscrape.com/catalogue/dear-mr-knightley_684/index.html
Daily Fantasy Sports,$46.82,In stock,★☆☆☆☆,http://books.toscrape.com/catalogue/daily-fantasy-sports_683/index.html
Crazy Love: Overwhelmed by a Relentless God,$61.08,In stock,★★☆☆☆,http://books.toscrape.com/catalogue/crazy-love-overwhelmed-by-a-relentless-god_682/index.html
Cometh the Hour (The Clifton Chronicles #6),$32.01,In stock,★★★☆☆,http://books.toscrape.com/catalogue/cometh-the-hour-the-clifton-chronicles-6_681/index.html
Code Name Verity (Code Name Verity #1),$28.33,In stock,★★★★☆,http://books.toscrape.com/catalogue/code-name-verity-code-name-verity-1_680/index.html
Clockwork Angel (The Infernal Devices #1),$56.50,In stock,★☆☆☆☆,http://books.toscrape.com/catalogue/clockwork-angel-the-infernal-devices-1_679/index.html
City of Glass (The Mortal Instruments #3),$71.71,In stock,★★★★☆,http://books.toscrape.com/catalogue/city-of-glass-the-mortal-instruments-3_678/index.html
City of Fallen Angels (The Mortal Instruments #4),$14.37,In stock,★★★★☆,http://books.toscrape.com/catalogue/city-of-fallen-angels-the-mortal-instruments-4_677/index.html
City of Bones (The Mortal Instruments #1),$55.40,In stock,★☆☆☆☆,http://books.toscrape.com/catalogue/city-of-bones-the-mortal-instruments-1_676/index.html
City of Ashes (The Mortal Instruments #2),$60.51,In stock,★☆☆☆☆,http://books.toscrape.com/catalogue/city-of-ashes-the-mortal-instruments-2_675/index.html
Cell,$25.97,In stock,★★★★☆,http://books.toscrape.com/catalogue/cell_674/index.html
Catching Jordan (Hundred Oaks),$65.06,In stock,★★★☆☆,http://books.toscrape.com/catalogue/catching-jordan-hundred-oaks_673/index.html
"Carry On, Warrior: Thoughts on Life Unarmed",$40.77,In stock,★★★☆☆,http://books.toscrape.com/catalogue/carry-on-warrior-thoughts-on-life-unarmed_672/index.html
Carrie,$59.17,In stock,★★☆☆☆,http://books.toscrape.com/catalogue/carrie_671/index.html
Buying In: The Secret Dialogue Between What We Buy and Who We Are,$48.38,In stock,★★★★☆,http://books.toscrape.com/catalogue/buying-in-the-secret-dialogue-between-what-we-buy-and-who-we-are_670/index.html
Brain on Fire: My Month of Madness,$63.13,In stock,★★★★★,http://books.toscrape.com/catalogue/brain-on-fire-my-month-of-madness_669/index.html
Batman: Europa,$40.97,In stock,★★☆☆☆,http://books.toscrape.com/catalogue/batman-europa_668/index.html
Barefoot Contessa Back to Basics,$35.85,In stock,★☆☆☆☆,http://books.toscrape.com/catalogue/barefoot-contessa-back-to-basics_667/index.html
Barefoot Contessa at Home: Everyday Recipes You'll Make Over and Over Again,$64.79,In stock,★★★★★,http://books.toscrape.com/catalogue/barefoot-contessa-at-home-everyday-recipes-youll-make-over-and-over-again_666/index.html
Balloon Animals,$21.80,In stock,★★★☆☆,http://books.toscrape.com/catalogue/balloon-animals_665/index.html
Art Ops Vol. 1,$62.46,In stock,★★★☆☆,http://books.toscrape.com/catalogue/art-ops-vol-1_664/index.html
Aristotle and Dante Discover the Secrets of the Universe (Aristotle and Dante Discover the Secrets of the Universe #1),$74.42,In stock,★★★★☆,http://books.toscrape.com/catalogue/aristotle-and-dante-discover-the-secrets-of-the-universe-aristotle-and-dante-discover-the-secrets-of-the-universe-1_663/index.html
Angels Walking (Angels Walking #1),$43.78,In stock,★★☆☆☆,http://books.toscrape.com/catalogue/angels-walking-angels-walking-1_662/index.html
Angels & Demons (Robert Langdon #1),$65.89,In stock,★★★☆☆,http://books.toscrape.com/catalogue/angels-demons-robert-langdon-1_661/index.html
All the Light We Cannot See,$38.23,In stock,★★★★★,http://books.toscrape.com/catalogue/all-the-light-we-cannot-see_660/index.html
"Adulthood Is a Myth: A ""Sarah's Scribbles"" Collection",$13.95,In stock,★★☆☆☆,http://books.toscrape.com/catalogue/adulthood-is-a-myth-a-sarahs-scribbles-collection_659/index.html
Abstract City,$72.15,In stock,★★★★★,http://books.toscrape.com/catalogue/abstract-city_658/index.html
A Time of Torment (Charlie Parker #14),$61.89,In stock,★★★★★,http://books.toscrape.com/catalogue/a-time-of-torment-charlie-parker-14_657/index.html
A Study in Scarlet (Sherlock Holmes #1),$21.41,In stock,★★☆☆☆,http://books.toscrape.com/catalogue/a-study-in-scarlet-sherlock-holmes-1_656/index.html
"A Series of Catastrophes and Miracles: A True Story of Love, Science, and Cancer",$72.29,In stock,★★☆☆☆,http://books.toscrape.com/catalogue/a-series-of-catastrophes-and-miracles-a-true-story-of-love-science-and-cancer_655/index.html
A People's History of the United States,$52.21,In stock,★★☆☆☆,http://books.toscrape.com/catalogue/a-peoples-history-of-the-united-states_654/index.html
A Man Called Ove,$50.84,In stock,★☆☆☆☆,http://books.toscrape.com/catalogue/a-man-called-ove_653/index.html
A Distant Mirror: The Calamitous 14th Century,$18.66,In stock,★★★☆☆,http://books.toscrape.com/catalogue/a-distant-mirror-the-calamitous-14th-century_652/index.html
A Brush of Wings (Angels Walking #3),$71.05,In stock,★☆☆☆☆,http://books.toscrape.com/catalogue/a-brush-of-wings-angels-walking-3_651/index.html
1491: New Revelations of the Americas Before Columbus,$27.90,In stock,★★★☆☆,http://books.toscrape.com/catalogue/1491-new-revelations-of-the-americas-before-columbus_650/index.html
"The Three Searches, Meaning, and the Story",$17.06,In stock,★★★☆☆,http://books.toscrape.com/catalogue/the-three-searches-meaning-and-the-story_649/index.html
Searching for Meaning in Gailana,$49.57,In stock,★☆☆☆☆,http://books.toscrape.com/catalogue/searching-for-meaning-in-gailana_648/index.html
Rook,$48.46,In stock,★★★★☆,http://books.toscrape.com/catalogue/rook_647/index.html
My Kitchen Year: 136 Recipes That Saved My Life,$14.76,In stock,★★☆☆☆,http://books.toscrape.com/catalogue/my-kitchen-year-136-recipes-that-saved-my-life_646/index.html
13 Hours: The Inside Account of What Really Happened In Benghazi,$34.64,In stock,★☆☆☆☆,http://books.toscrape.com/catalogue/13-hours-the-inside-account-of-what-really-happened-in-benghazi_645/index.html
Will You Won't You Want Me?,$17.74,In stock,★★★☆☆,http://books.toscrape.com/catalogue/will-you-wont-you-want-me_644/index.html
Tipping Point for Planet Earth: How Close Are We to the Edge?,$48.06,In stock,★☆☆☆☆,http://books.toscrape.com/catalogue/tipping-point-for-planet-earth-how-close-are-we-to-the-edge_643/index.html
The Star-Touched Queen,$41.34,In stock,★★★★★,http://books.toscrape.com/catalogue/the-star-touched-queen_642/index.html
The Silent Sister (Riley MacPherson #1),$59.25,In stock,★★★★★,http://books.toscrape.com/catalogue/the-silent-sister-riley-macpherson-1_641/index.html
The Midnight Watch: A Novel of the Titanic and the Californian,$33.54,In stock,★☆☆☆☆,http://books.toscrape.com/catalogue/the-midnight-watch-a-novel-of-the-titanic-and-the-californian_640/index.html
The Lonely City: Adventures in the Art of Being Alone,$42.57,In stock,★★☆☆☆,http://books.toscrape.com/catalogue/the-lonely-city-adventures-in-the-art-of-being-alone_639/index.html
The Gray Rhino: How to Recognize and Act on the Obvious Dangers We Ignore,$75.71,In stock,★★★★☆,http://books.toscrape.com/catalogue/the-gray-rhino-how-to-recognize-and-act-on-the-obvious-dangers-we-ignore_638/index.html
The Golden Condom: And Other Essays on Love Lost and Found,$50.47,In stock,★☆☆☆☆,http://books.toscrape.com/catalogue/the-golden-condom-and-other-essays-on-love-lost-and-found_637/index.html
The Epidemic (The Program 0.6),$18.48,In stock,★★★★★,http://books.toscrape.com/catalogue/the-epidemic-the-program-06_636/index.html
The Dinner Party,$72.37,In stock,★★☆☆☆,http://books.toscrape.com/catalogue/the-dinner-party_635/index.html
The Diary of a Young Girl,$76.67,In stock,★★★☆☆,http://books.toscrape.com/catalogue/the-diary-of-a-young-girl_634/index.html
The Children,$15.21,In stock,★★★☆☆,http://books.toscrape.com/catalogue/the-children_633/index.html
Stars Above (The Lunar Chronicles #4.5),$61.50,In stock,★★☆☆☆,http://books.toscrape.com/catalogue/stars-above-the-lunar-chronicles-45_632/index.html
Snatched: How A Drug Queen Went Undercover for the DEA and Was Kidnapped By Colombian Guerillas,$27.15,In stock,★★★☆☆,http://books.toscrape.com/catalogue/snatched-how-a-drug-queen-went-undercover-for-the-dea-and-was-kidnapped-by-colombian-guerillas_631/index.html
Raspberry Pi Electronics Projects for the Evil Genius,$63.58,In stock,★★★★☆,http://books.toscrape.com/catalogue/raspberry-pi-electronics-projects-for-the-evil-genius_630/index.html
Quench Your Own Thirst: Business Lessons Learned Over a Beer or Two,$55.22,In stock,★☆☆☆☆,http://books.toscrape.com/catalogue/quench-your-own-thirst-business-lessons-learned-over-a-beer-or-two_629/index.html
Psycho: Sanitarium (Psycho #1.5),$47.32,In stock,★★★★★,http://books.toscrape.com/catalogue/psycho-sanitarium-psycho-15_628/index.html
Poisonous (Max Revere Novels #3),$34.30,In stock,★★★☆☆,http://books.toscrape.com/catalogue/poisonous-max-revere-novels-3_627/index.html
One with You (Crossfire #5),$20.11,In stock,★★★★☆,http://books.toscrape.com/catalogue/one-with-you-crossfire-5_626/index.html
No Love Allowed (Dodge Cove #1),$69.95,In stock,★★★★☆,http://books.toscrape.com/catalogue/no-love-allowed-dodge-cove-1_625/index.html
Murder at the 42nd Street Library (Raymond Ambler #1),$69.58,In stock,★★★★☆,http://books.toscrape.com/catalogue/murder-at-the-42nd-street-library-raymond-ambler-1_624/index.html
Most Wanted,$45.16,In stock,★★★☆☆,http://books.toscrape.com/catalogue/most-wanted_623/index.html
"Love, Lies and Spies",$26.30,In stock,★★☆☆☆,http://books.toscrape.com/catalogue/love-lies-and-spies_622/index.html
How to Speak Golf: An Illustrated Guide to Links Lingo,$74.65,In stock,★★★★★,http://books.toscrape.com/catalogue/how-to-speak-golf-an-illustrated-guide-to-links-lingo_621/index.html
Hide Away (Eve Duncan #20),$15.16,In stock,★☆☆☆☆,http://books.toscrape.com/catalogue/hide-away-eve-duncan-20_620/index.html
Furiously Happy: A Funny Book About Horrible Things,$53.07,In stock,★★★★☆,http://books.toscrape.com/catalogue/furiously-happy-a-funny-book-about-horrible-things_619/index.html
Everyday Italian: 125 Simple and Delicious Recipes,$25.73,In stock,★★★★★,http://books.toscrape.com/catalogue/everyday-italian-125-simple-and-delicious-recipes_618/index.html
Equal Is Unfair: America's Misguided Fight Against Income Inequality,$72.78,In stock,★☆☆☆☆,http://books.toscrape.com/catalogue/equal-is-unfair-americas-misguided-fight-against-income-inequality_617/index.html
Eleanor & Park,$72.33,In stock,★★★★★,http://books.toscrape.com/catalogue/eleanor-park_616/index.html
Dirty (Dive Bar #1),$52.26,In stock,★★★★☆,http://books.toscrape.com/catalogue/dirty-dive-bar-1_615/index.html
Can You Keep a Secret? (Fear Street Relaunch #4),$62.26,In stock,★☆☆☆☆,http://books.toscrape.com/catalogue/can-you-keep-a-secret-fear-street-relaunch-4_614/index.html
Boar Island (Anna Pigeon #19),$76.13,In stock,★★★☆☆,http://books.toscrape.com/catalogue/boar-island-anna-pigeon-19_613/index.html
A Paris Apartment,$49.93,In stock,★★★★☆,http://books.toscrape.com/catalogue/a-paris-apartment_612/index.html
"A la Mode: 120 Recipes in 60 Pairings: Pies, Tarts, Cakes, Crisps, and More Topped with Ice Cream, Gelato, Frozen Custard, and More",$49.63,In stock,★☆☆☆☆,http://books.toscrape.com/catalogue/a-la-mode-120-recipes-in-60-pairings-pies-tarts-cakes-crisps-and-more-topped-with-ice-cream-gelato-frozen-custard-and-more_611/index.html
Troublemaker: Surviving Hollywood and Scientology,$61.94,In stock,★★☆☆☆,http://books.toscrape.com/catalogue/troublemaker-surviving-hollywood-and-scientology_610/index.html
The Widow,$34.89,In stock,★★☆☆☆,http://books.toscrape.com/catalogue/the-widow_609/index.html
"The Sleep Revolution: Transforming Your Life, One Night at a Time",$14.95,In stock,★★★★☆,http://books.toscrape.com/catalogue/the-sleep-revolution-transforming-your-life-one-night-at-a-time_608/index.html
The Improbability of Love,$76.10,In stock,★☆☆☆☆,http://books.toscrape.com/catalogue/the-improbability-of-love_607/index.html
The Art of Startup Fundraising,$26.88,In stock,★★★☆☆,http://books.toscrape.com/catalogue/the-art-of-startup-fundraising_606/index.html
Take Me Home Tonight (Rock Star Romance #3),$69.09,In stock,★★★☆☆,http://books.toscrape.com/catalogue/take-me-home-tonight-rock-star-romance-3_605/index.html
Sleeping Giants (Themis Files #1),$62.39,In stock,★☆☆☆☆,http://books.toscrape.com/catalogue/sleeping-giants-themis-files-1_604/index.html
"Setting the World on Fire: The Brief, Astonishing Life of St. Catherine of Siena",$27.07,In stock,★★☆☆☆,http://books.toscrape.com/catalogue/setting-the-world-on-fire-the-brief-astonishing-life-of-st-catherine-of-siena_603/index.html
Playing with Fire,$17.55,In stock,★★★☆☆,http://books.toscrape.com/catalogue/playing-with-fire_602/index.html
Off the Hook (Fishing for Trouble #1),$61.02,In stock,★★★☆☆,http://books.toscrape.com/catalogue/off-the-hook-fishing-for-trouble-1_601/index.html
Mothering Sunday,$17.08,In stock,★★☆☆☆,http://books.toscrape.com/catalogue/mothering-sunday_600/index.html
"Mother, Can You Not?",$21.62,In stock,★★★★★,http://books.toscrape.com/catalogue/mother-can-you-not_599/index.html
M Train,$34.79,In stock,★☆☆☆☆,http://books.toscrape.com/catalogue/m-train_598/index.html
Lilac Girls,$22.12,In stock,★★☆☆☆,http://books.toscrape.com/catalogue/lilac-girls_597/index.html
Lies and Other Acts of Love,$57.78,In stock,★☆☆☆☆,http://books.toscrape.com/catalogue/lies-and-other-acts-of-love_596/index.html
Lab Girl,$52.29,In stock,★☆☆☆☆,http://books.toscrape.com/catalogue/lab-girl_595/index.html
Keep Me Posted,$26.19,In stock,★★★★☆,http://books.toscrape.com/catalogue/keep-me-posted_594/index.html
It Didn't Start with You: How Inherited Family Trauma Shapes Who We Are and How to End the Cycle,$72.03,In stock,★★★☆☆,http://books.toscrape.com/catalogue/it-didnt-start-with-you-how-inherited-family-trauma-shapes-who-we-are-and-how-to-end-the-cycle_593/index.html
Grey (Fifty Shades #4),$62.07,In stock,★★★★☆,http://books.toscrape.com/catalogue/grey-fifty-shades-4_592/index.html
"Exit, Pursued by a Bear",$65.72,In stock,★★★★☆,http://books.toscrape.com/catalogue/exit-pursued-by-a-bear_591/index.html
Daredevils,$20.92,In stock,★★★☆☆,http://books.toscrape.com/catalogue/daredevils_590/index.html
Cravings: Recipes for What You Want to Eat,$26.24,In stock,★★★☆☆,http://books.toscrape.com/catalogue/cravings-recipes-for-what-you-want-to-eat_589/index.html
Born for This: How to Find the Work You Were Meant to Do,$27.64,In stock,★★★★★,http://books.toscrape.com/catalogue/born-for-this-how-to-find-the-work-you-were-meant-to-do_588/index.html
Arena,$27.34,In stock,★★★★☆,http://books.toscrape.com/catalogue/arena_587/index.html
Adultery,$26.73,In stock,★★★★★,http://books.toscrape.com/catalogue/adultery_586/index.html
A Mother's Reckoning: Living in the Aftermath of Tragedy,$25.00,In stock,★★★☆☆,http://books.toscrape.com/catalogue/a-mothers-reckoning-living-in-the-aftermath-of-tragedy_585/index.html
A Gentleman's Position (Society of Gentlemen #3),$18.88,In stock,★★★★★,http://books.toscrape.com/catalogue/a-gentlemans-position-society-of-gentlemen-3_584/index.html
11/22/63,$62.05,In stock,★★★☆☆,http://books.toscrape.com/catalogue/112263_583/index.html
"10% Happier: How I Tamed the Voice in My Head, Reduced Stress Without Losing My Edge, and Found Self-Help That Actually Works",$31.45,In stock,★★☆☆☆,http://books.toscrape.com/catalogue/10-happier-how-i-tamed-the-voice-in-my-head-reduced-stress-without-losing-my-edge-and-found-self-help-that-actually-works_582/index.html
10-Day Green Smoothie Cleanse: Lose Up to 15 Pounds in 10 Days!,$63.63,In stock,★★★★★,http://books.toscrape.com/catalogue/10-day-green-smoothie-cleanse-lose-up-to-15-pounds-in-10-days_581/index.html
Without Shame,$61.79,In stock,★★★★★,http://books.toscrape.com/catalogue/without-shame_580/index.html
Watchmen,$74.30,In stock,★★★★☆,http://books.toscrape.com/catalogue/watchmen_579/index.html
Unlimited Intuition Now,$75.35,In stock,★★★★☆,http://books.toscrape.com/catalogue/unlimited-intuition-now_578/index.html
Underlying Notes,$15.13,In stock,★★☆☆☆,http://books.toscrape.com/catalogue/underlying-notes_577/index.html
The Shack,$35.88,In stock,★☆☆☆☆,http://books.toscrape.com/catalogue/the-shack_576/index.html
The New Brand You: Your New Image Makes the Sale for You,$56.38,In stock,★★★★★,http://books.toscrape.com/catalogue/the-new-brand-you-your-new-image-makes-the-sale-for-you_575/index.html
"The Moosewood Cookbook: Recipes from Moosewood Restaurant, Ithaca, New York",$15.80,In stock,★★★★☆,http://books.toscrape.com/catalogue/the-moosewood-cookbook-recipes-from-moosewood-restaurant-ithaca-new-york_574/index.html
The Flowers Lied,$21.35,In stock,★★☆☆☆,http://books.toscrape.com/catalogue/the-flowers-lied_573/index.html
"The Fabric of the Cosmos: Space, Time, and the Texture of Reality",$71.56,In stock,★☆☆☆☆,http://books.toscrape.com/catalogue/the-fabric-of-the-cosmos-space-time-and-the-texture-of-reality_572/index.html
The Book of Mormon,$31.45,In stock,★★★☆☆,http://books.toscrape.com/catalogue/the-book-of-mormon_571/index.html
The Art and Science of Low Carbohydrate Living,$67.81,In stock,★★★★★,http://books.toscrape.com/catalogue/the-art-and-science-of-low-carbohydrate-living_570/index.html
The Alien Club,$69.63,In stock,★☆☆☆☆,http://books.toscrape.com/catalogue/the-alien-club_569/index.html
Suzie Snowflake: One beautiful flake (a self-esteem story),$70.16,In stock,★★★★★,http://books.toscrape.com/catalogue/suzie-snowflake-one-beautiful-flake-a-self-esteem-story_568/index.html
Nap-a-Roo,$32.10,In stock,★☆☆☆☆,http://books.toscrape.com/catalogue/nap-a-roo_567/index.html
"NaNo What Now? Finding your editing process, revising your NaNoWriMo book and building a writing career through publishing and beyond",$13.32,In stock,★★★★☆,http://books.toscrape.com/catalogue/nano-what-now-finding-your-editing-process-revising-your-nanowrimo-book-and-building-a-writing-career-through-publishing-and-beyond_566/index.html
Modern Day Fables,$60.72,In stock,★★☆☆☆,http://books.toscrape.com/catalogue/modern-day-fables_565/index.html
If I Gave You God's Phone Number....: Searching for Spirituality in America,$26.76,In stock,★☆☆☆☆,http://books.toscrape.com/catalogue/if-i-gave-you-gods-phone-number-searching-for-spirituality-in-america_564/index.html
"Fruits Basket, Vol. 9 (Fruits Basket #9)",$43.46,In stock,★★★★☆,http://books.toscrape.com/catalogue/fruits-basket-vol-9-fruits-basket-9_563/index.html
Dress Your Family in Corduroy and Denim,$55.91,In stock,★★★☆☆,http://books.toscrape.com/catalogue/dress-your-family-in-corduroy-and-denim_562/index.html
Don't Forget Steven,$42.53,In stock,★☆☆☆☆,http://books.toscrape.com/catalogue/dont-forget-steven_561/index.html
Chernobyl 01:23:40: The Incredible True Story of the World's Worst Nuclear Disaster,$45.98,In stock,★★☆☆☆,http://books.toscrape.com/catalogue/chernobyl-012340-the-incredible-true-story-of-the-worlds-worst-nuclear-disaster_560/index.html
Art and Fear: Observations on the Perils (and Rewards) of Artmaking,$62.25,In stock,★★★★☆,http://books.toscrape.com/catalogue/art-and-fear-observations-on-the-perils-and-rewards-of-artmaking_559/index.html
A Shard of Ice (The Black Symphony Saga #1),$72.49,In stock,★★★☆☆,http://books.toscrape.com/catalogue/a-shard-of-ice-the-black-symphony-saga-1_558/index.html
A Hero's Curse (The Unseen Chronicles #1),$64.63,In stock,★★★☆☆,http://books.toscrape.com/catalogue/a-heros-curse-the-unseen-chronicles-1_557/index.html
23 Degrees South: A Tropical Tale of Changing Whether...,$45.81,In stock,★★☆☆☆,http://books.toscrape.com/catalogue/23-degrees-south-a-tropical-tale-of-changing-whether_556/index.html
"Zero to One: Notes on Startups, or How to Build the Future",$43.60,In stock,★★★☆☆,http://books.toscrape.com/catalogue/zero-to-one-notes-on-startups-or-how-to-build-the-future_555/index.html
Why Not Me?,$22.73,In stock,★☆☆☆☆,http://books.toscrape.com/catalogue/why-not-me_554/index.html
When Breath Becomes Air,$50.38,In stock,★★☆☆☆,http://books.toscrape.com/catalogue/when-breath-becomes-air_553/index.html
Vagabonding: An Uncommon Guide to the Art of Long-Term World Travel,$47.28,In stock,★★☆☆☆,http://books.toscrape.com/catalogue/vagabonding-an-uncommon-guide-to-the-art-of-long-term-world-travel_552/index.html
The Unlikely Pilgrimage of Harold Fry (Harold Fry #1),$55.83,In stock,★★★★★,http://books.toscrape.com/catalogue/the-unlikely-pilgrimage-of-harold-fry-harold-fry-1_551/index.html
The New Drawing on the Right Side of the Brain,$55.07,In stock,★★★☆☆,http://books.toscrape.com/catalogue/the-new-drawing-on-the-right-side-of-the-brain_550/index.html
"The Midnight Assassin: Panic, Scandal, and the Hunt for America's First Serial Killer",$36.42,In stock,★★★★☆,http://books.toscrape.com/catalogue/the-midnight-assassin-panic-scandal-and-the-hunt-for-americas-first-serial-killer_549/index.html
The Martian (The Martian #1),$52.98,In stock,★★☆☆☆,http://books.toscrape.com/catalogue/the-martian-the-martian-1_548/index.html
The High Mountains of Portugal,$65.47,In stock,★☆☆☆☆,http://books.toscrape.com/catalogue/the-high-mountains-of-portugal_547/index.html
The Grownup,$45.93,In stock,★☆☆☆☆,http://books.toscrape.com/catalogue/the-grownup_546/index.html
The E-Myth Revisited: Why Most Small Businesses Don't Work and What to Do About It,$47.24,In stock,★☆☆☆☆,http://books.toscrape.com/catalogue/the-e-myth-revisited-why-most-small-businesses-dont-work-and-what-to-do-about-it_545/index.html
South of Sunshine,$37.03,In stock,★☆☆☆☆,http://books.toscrape.com/catalogue/south-of-sunshine_544/index.html
Smarter Faster Better: The Secrets of Being Productive in Life and Business,$49.78,In stock,★★★★★,http://books.toscrape.com/catalogue/smarter-faster-better-the-secrets-of-being-productive-in-life-and-business_543/index.html
Silence in the Dark (Logan Point #4),$74.66,In stock,★★★☆☆,http://books.toscrape.com/catalogue/silence-in-the-dark-logan-point-4_542/index.html
Shadows of the Past (Logan Point #1),$50.78,In stock,★★★★★,http://books.toscrape.com/catalogue/shadows-of-the-past-logan-point-1_541/index.html
Roller Girl,$18.05,In stock,★★★★★,http://books.toscrape.com/catalogue/roller-girl_540/index.html
Rising Strong,$27.93,In stock,★★★☆☆,http://books.toscrape.com/catalogue/rising-strong_539/index.html
Proofs of God: Classical Arguments from Tertullian to Barth,$69.39,In stock,★☆☆☆☆,http://books.toscrape.com/catalogue/proofs-of-god-classical-arguments-from-tertullian-to-barth_538/index.html
Please Kill Me: The Uncensored Oral History of Punk,$39.92,In stock,★★★★☆,http://books.toscrape.com/catalogue/please-kill-me-the-uncensored-oral-history-of-punk_537/index.html
Out of Print: City Lights Spotlight No. 14,$68.66,In stock,★★★★★,http://books.toscrape.com/catalogue/out-of-print-city-lights-spotlight-no-14_536/index.html
My Life Next Door (My Life Next Door ),$46.58,In stock,★★★★★,http://books.toscrape.com/catalogue/my-life-next-door-my-life-next-door_535/index.html
Miller's Valley,$74.93,In stock,★★☆☆☆,http://books.toscrape.com/catalogue/millers-valley_534/index.html
Man's Search for Meaning,$37.73,In stock,★★★☆☆,http://books.toscrape.com/catalogue/mans-search-for-meaning_533/index.html
"Love That Boy: What Two Presidents, Eight Road Trips, and My Son Taught Me About a Parent's Expectations",$32.08,In stock,★★☆☆☆,http://books.toscrape.com/catalogue/love-that-boy-what-two-presidents-eight-road-trips-and-my-son-taught-me-about-a-parents-expectations_532/index.html
Living Forward: A Proven Plan to Stop Drifting and Get the Life You Want,$16.06,In stock,★★★☆☆,http://books.toscrape.com/catalogue/living-forward-a-proven-plan-to-stop-drifting-and-get-the-life-you-want_531/index.html
Les Fleurs du Mal,$37.17,In stock,★★★★★,http://books.toscrape.com/catalogue/les-fleurs-du-mal_530/index.html
Left Behind (Left Behind #1),$52.12,In stock,★★☆☆☆,http://books.toscrape.com/catalogue/left-behind-left-behind-1_529/index.html
Kill 'Em and Leave: Searching for James Brown and the American Soul,$57.66,In stock,★★★★★,http://books.toscrape.com/catalogue/kill-em-and-leave-searching-for-james-brown-and-the-american-soul_528/index.html
Kierkegaard: A Christian Missionary to Christians,$60.33,In stock,★☆☆☆☆,http://books.toscrape.com/catalogue/kierkegaard-a-christian-missionary-to-christians_527/index.html
John Vassos: Industrial Design for Modern Life,$25.88,In stock,★★★★☆,http://books.toscrape.com/catalogue/john-vassos-industrial-design-for-modern-life_526/index.html
I'll Give You the Sun,$72.29,In stock,★☆☆☆☆,http://books.toscrape.com/catalogue/ill-give-you-the-sun_525/index.html
I Will Find You,$56.59,In stock,★☆☆☆☆,http://books.toscrape.com/catalogue/i-will-find-you_524/index.html
Hystopia: A Novel,$28.11,In stock,★★★★☆,http://books.toscrape.com/catalogue/hystopia-a-novel_523/index.html
Howl and Other Poems,$51.78,In stock,★★☆☆☆,http://books.toscrape.com/catalogue/howl-and-other-poems_522/index.html
History of Beauty,$13.17,In stock,★★★★☆,http://books.toscrape.com/catalogue/history-of-beauty_521/index.html
Heaven is for Real: A Little Boy's Astounding Story of His Trip to Heaven and Back,$67.66,In stock,★★☆☆☆,http://books.toscrape.com/catalogue/heaven-is-for-real-a-little-boys-astounding-story-of-his-trip-to-heaven-and-back_520/index.html
Future Shock (Future Shock #1),$71.23,In stock,★★★★★,http://books.toscrape.com/catalogue/future-shock-future-shock-1_519/index.html
Ender's Game (The Ender Quintet #1),$55.86,In stock,★☆☆☆☆,http://books.toscrape.com/catalogue/enders-game-the-ender-quintet-1_518/index.html
Diary of a Citizen Scientist: Chasing Tiger Beetles and Other New Ways of Engaging the World,$36.36,In stock,★☆☆☆☆,http://books.toscrape.com/catalogue/diary-of-a-citizen-scientist-chasing-tiger-beetles-and-other-new-ways-of-engaging-the-world_517/index.html
Death by Leisure: A Cautionary Tale,$48.01,In stock,★★★★☆,http://books.toscrape.com/catalogue/death-by-leisure-a-cautionary-tale_516/index.html
Brilliant Beacons: A History of the American Lighthouse,$14.66,In stock,★★★☆☆,http://books.toscrape.com/catalogue/brilliant-beacons-a-history-of-the-american-lighthouse_515/index.html
Brazen: The Courage to Find the You That's Been Hiding,$24.60,In stock,★★☆☆☆,http://books.toscrape.com/catalogue/brazen-the-courage-to-find-the-you-thats-been-hiding_514/index.html
Between the World and Me,$72.84,In stock,★★★★☆,http://books.toscrape.com/catalogue/between-the-world-and-me_513/index.html
Being Mortal: Medicine and What Matters in the End,$70.48,In stock,★★★★☆,http://books.toscrape.com/catalogue/being-mortal-medicine-and-what-matters-in-the-end_512/index.html
"A Murder Over a Girl: Justice, Gender, Junior High",$16.90,In stock,★★★☆☆,http://books.toscrape.com/catalogue/a-murder-over-a-girl-justice-gender-junior-high_511/index.html
32 Yolks,$68.65,In stock,★★☆☆☆,http://books.toscrape.com/catalogue/32-yolks_510/index.html
"""Most Blessed of the Patriarchs"": Thomas Jefferson and the Empire of the Imagination",$56.93,In stock,★★★★★,http://books.toscrape.com/catalogue/most-blessed-of-the-patriarchs-thomas-jefferson-and-the-empire-of-the-imagination_509/index.html
You Are a Badass: How to Stop Doubting Your Greatness and Start Living an Awesome Life,$15.46,In stock,★★★☆☆,http://books.toscrape.com/catalogue/you-are-a-badass-how-to-stop-doubting-your-greatness-and-start-living-an-awesome-life_508/index.html
Wildlife of New York: A Five-Borough Coloring Book,$28.34,In stock,★★☆☆☆,http://books.toscrape.com/catalogue/wildlife-of-new-york-a-five-borough-coloring-book_507/index.html
What Happened on Beale Street (Secrets of the South Mysteries #2),$32.47,In stock,★★★★★,http://books.toscrape.com/catalogue/what-happened-on-beale-street-secrets-of-the-south-mysteries-2_506/index.html
Unreasonable Hope: Finding Faith in the God Who Brings Purpose to Your Pain,$59.30,In stock,★★☆☆☆,http://books.toscrape.com/catalogue/unreasonable-hope-finding-faith-in-the-god-who-brings-purpose-to-your-pain_505/index.html
Under the Tuscan Sun,$47.78,In stock,★★★☆☆,http://books.toscrape.com/catalogue/under-the-tuscan-sun_504/index.html
Toddlers Are A**holes: It's Not Your Fault,$32.70,In stock,★☆☆☆☆,http://books.toscrape.com/catalogue/toddlers-are-aholes-its-not-your-fault_503/index.html
The Year of Living Biblically: One Man's Humble Quest to Follow the Bible as Literally as Possible,$44.44,In stock,★☆☆☆☆,http://books.toscrape.com/catalogue/the-year-of-living-biblically-one-mans-humble-quest-to-follow-the-bible-as-literally-as-possible_502/index.html
The Whale,$46.03,In stock,★★★★☆,http://books.toscrape.com/catalogue/the-whale_501/index.html
